{"lastUpdate":"2022-04-26T02:41:28.898065218Z","objectsCount":0,"objectsTotalSize":0,"objectsReplicationInfo":null,"bucketsCount":1,"bucketsUsageInfo":{"mongo":{"size":0,"objectsPendingReplicationTotalSize":0,"objectsFailedReplicationTotalSize":0,"objectsReplicatedTotalSize":0,"objectsPendingReplicationCount":0,"objectsFailedReplicationCount":0,"objectsCount":0,"objectsSizesHistogram":{"BETWEEN_1024_B_AND_1_MB":0,"BETWEEN_10_MB_AND_64_MB":0,"BETWEEN_128_MB_AND_512_MB":0,"BETWEEN_1_MB_AND_10_MB":0,"BETWEEN_64_MB_AND_128_MB":0,"GREATER_THAN_512_MB":0,"LESS_THAN_1024_B":0},"objectReplicaTotalSize":0,"objectsReplicationInfo":null}},"bucketsSizes":null}